string,duration_1,duration_2,duration_3,duration_4,duration_5,duration_6,duration_7,duration_8,duration_9,duration_10,duration_11,duration_12,duration_13,duration_14,duration_15,duration_16,duration_17,duration_18,duration_19,duration_20,duration_21,duration_22,duration_23,duration_24,duration_25,duration_26,duration_27,duration_28,duration_29
HDRMZFC,255,85,120,168,236,64,148,,,,,,,,,,,,,,,,,,,,,,
GSTCE,88,210,419,29,130,,,,,,,,,,,,,,,,,,,,,,,,
ARMZ,234,98,213,191,,,,,,,,,,,,,,,,,,,,,,,,,
GNEYUT,332,135,148,126,76,196,,,,,,,,,,,,,,,,,,,,,,,
QSTKCD,34,160,309,163,75,150,,,,,,,,,,,,,,,,,,,,,,,
BIHDABUT,170,53,316,73,124,76,88,82,,,,,,,,,,,,,,,,,,,,,
DAFCDYUT,136,88,224,88,163,101,105,80,,,,,,,,,,,,,,,,,,,,,
BIOCDABU,166,69,103,135,119,110,85,95,,,,,,,,,,,,,,,,,,,,,
BIOCDABUTK,151,70,126,131,158,119,74,109,207,109,,,,,,,,,,,,,,,,,,,
BFCDABUT,110,213,83,135,118,83,81,75,,,,,,,,,,,,,,,,,,,,,
STDABUK,205,321,125,104,95,96,141,,,,,,,,,,,,,,,,,,,,,,
MZST,204,206,201,299,,,,,,,,,,,,,,,,,,,,,,,,,
HDARMNEDABUT,185,105,82,111,164,116,99,116,120,78,98,42,,,,,,,,,,,,,,,,,
GNEDABUTJ,242,128,82,74,119,90,84,168,245,,,,,,,,,,,,,,,,,,,,
GNEDABUT,142,136,125,81,120,110,99,31,,,,,,,,,,,,,,,,,,,,,
QHDRZDAMNJ,102,214,70,129,194,102,111,101,155,120,,,,,,,,,,,,,,,,,,,
BSDAMZ,172,106,50,61,127,409,,,,,,,,,,,,,,,,,,,,,,,
HDARZTDABN,77,84,47,127,270,64,92,99,93,120,,,,,,,,,,,,,,,,,,,
HDADAMZ,149,69,224,40,49,144,254,,,,,,,,,,,,,,,,,,,,,,
BIFCDARZ,167,52,259,61,110,83,64,116,,,,,,,,,,,,,,,,,,,,,
DRZLDABUTKC,23,118,361,117,107,110,78,81,232,157,44,,,,,,,,,,,,,,,,,,
STDAMZYUTDABNDABUK,154,323,99,98,104,210,113,95,283,47,115,98,113,120,99,86,92,112,,,,,,,,,,,
ABIHDABUTDARZ,235,161,36,165,106,94,88,86,198,124,87,72,171,,,,,,,,,,,,,,,,
DRZDABNEDAMZ,39,124,178,94,102,91,139,100,82,96,121,221,,,,,,,,,,,,,,,,,
IHDAMZ,204,76,84,62,173,326,,,,,,,,,,,,,,,,,,,,,,,
QIHYUTCDABN,42,108,102,141,114,225,99,170,101,89,82,,,,,,,,,,,,,,,,,,
GNEDABUTCDABUTDATKC,213,136,134,80,137,74,111,131,193,74,126,69,117,176,84,130,199,97,131,,,,,,,,,,
BIHDAMRZDABUTDABNEDARZD,160,56,230,78,55,147,59,153,112,99,73,78,128,142,64,97,122,108,77,146,67,133,103,,,,,,
CBIHDARZDABNEYUT,76,64,43,184,87,54,107,180,75,123,61,117,83,132,68,129,,,,,,,,,,,,,
GNEDABNEJ,356,166,134,96,126,89,118,90,157,,,,,,,,,,,,,,,,,,,,
TDABNEDABUTCDABNEYUT,193,112,117,88,134,89,148,127,88,58,123,84,150,114,60,104,103,113,77,126,,,,,,,,,
STDAB,210,363,135,136,72,,,,,,,,,,,,,,,,,,,,,,,,
SYUTCDABUKCDABUT,233,116,53,181,188,103,112,87,94,126,95,73,108,76,104,25,,,,,,,,,,,,,
BISTDAB,139,30,184,245,120,105,85,,,,,,,,,,,,,,,,,,,,,,
STCDABU,192,230,82,80,114,86,102,,,,,,,,,,,,,,,,,,,,,,
GNDABUD,283,158,93,131,84,152,77,,,,,,,,,,,,,,,,,,,,,,
HDAMZYUTC,172,79,63,146,136,136,76,111,79,,,,,,,,,,,,,,,,,,,,
DAMNEDAB,75,58,154,155,110,87,97,96,,,,,,,,,,,,,,,,,,,,,
DAMZDABUT,74,58,98,196,86,103,90,121,67,,,,,,,,,,,,,,,,,,,,
AMZYUTDAB,73,165,166,115,101,112,111,111,74,,,,,,,,,,,,,,,,,,,,
GNEDABU,232,131,153,90,103,76,106,,,,,,,,,,,,,,,,,,,,,,
HDARZDAB,122,96,69,75,178,117,108,79,,,,,,,,,,,,,,,,,,,,,
BIHDARZDYUTCD,150,60,131,114,70,93,137,160,111,52,126,39,102,,,,,,,,,,,,,,,,
BIOCDABNEJ,142,73,116,86,158,120,71,141,85,206,,,,,,,,,,,,,,,,,,,
BIHDARZD,139,83,326,130,65,121,126,117,,,,,,,,,,,,,,,,,,,,,
ST,197,184,,,,,,,,,,,,,,,,,,,,,,,,,,,
FDAB,70,102,147,78,,,,,,,,,,,,,,,,,,,,,,,,,
STKCDABNDA,205,345,135,115,75,122,60,147,122,113,,,,,,,,,,,,,,,,,,,
MZNDABUT,224,400,145,94,130,74,86,59,,,,,,,,,,,,,,,,,,,,,
MZDABUTDABNE,201,316,164,125,74,47,239,75,134,57,143,80,,,,,,,,,,,,,,,,,
STDABNE,208,371,117,124,68,141,86,,,,,,,,,,,,,,,,,,,,,,
STKC,242,274,150,92,,,,,,,,,,,,,,,,,,,,,,,,,
STCDABNDAN,162,376,121,74,139,77,146,138,152,120,,,,,,,,,,,,,,,,,,,
STCDABKD,199,374,98,86,124,77,197,113,,,,,,,,,,,,,,,,,,,,,
STDABNE,208,278,88,148,60,138,87,,,,,,,,,,,,,,,,,,,,,,
GYUTD,294,98,100,195,106,,,,,,,,,,,,,,,,,,,,,,,,
GNEDABNE,334,139,126,59,149,64,126,123,,,,,,,,,,,,,,,,,,,,,
GNEDABUTD,239,153,173,62,153,73,113,167,88,,,,,,,,,,,,,,,,,,,,
BIHDABNEDAMZ,146,28,131,77,118,84,129,121,71,85,172,99,,,,,,,,,,,,,,,,,
HDARZD,129,102,72,80,375,164,,,,,,,,,,,,,,,,,,,,,,,
GNEDABUTD,237,142,89,73,145,90,123,135,71,,,,,,,,,,,,,,,,,,,,
MZDABUTDABN,185,335,110,143,73,71,131,98,138,26,134,,,,,,,,,,,,,,,,,,
YUTDARZ,144,110,159,109,88,81,144,,,,,,,,,,,,,,,,,,,,,,
YUTDABNEJDA,136,108,193,82,163,87,142,79,225,69,100,,,,,,,,,,,,,,,,,,
MZDABN,217,336,96,123,57,114,,,,,,,,,,,,,,,,,,,,,,,
STYUTDABNE,221,263,134,131,127,91,125,71,148,121,,,,,,,,,,,,,,,,,,,
ARZDAMZE,36,97,202,109,64,123,273,119,,,,,,,,,,,,,,,,,,,,,
MZYUTD,217,111,122,88,199,105,,,,,,,,,,,,,,,,,,,,,,,
MZDABNE,211,161,164,124,57,151,167,,,,,,,,,,,,,,,,,,,,,,
STDABNED,161,249,101,119,37,131,131,154,,,,,,,,,,,,,,,,,,,,,
STDABNEJDAB,163,254,86,125,75,130,125,224,91,80,77,,,,,,,,,,,,,,,,,,
BIHDABNEDAB,176,59,208,117,144,94,154,126,95,105,70,,,,,,,,,,,,,,,,,,
STDABN,234,257,133,109,45,131,,,,,,,,,,,,,,,,,,,,,,,
STDABNE,201,293,98,126,70,138,123,,,,,,,,,,,,,,,,,,,,,,
ANYUT,299,165,113,96,138,,,,,,,,,,,,,,,,,,,,,,,,
HDABUTKCD,75,70,137,78,43,185,114,83,103,,,,,,,,,,,,,,,,,,,,
YUTDABNED,122,89,213,69,106,110,144,133,79,,,,,,,,,,,,,,,,,,,,
HYGNEDAR,117,164,275,161,132,72,146,145,,,,,,,,,,,,,,,,,,,,,
YGYUTDABNEDABF,133,175,95,106,256,92,116,70,125,126,71,113,77,135,,,,,,,,,,,,,,,
GNEDABUT,203,116,125,81,115,101,111,51,,,,,,,,,,,,,,,,,,,,,
MZNEDABUT,202,349,103,131,83,129,70,79,81,,,,,,,,,,,,,,,,,,,,
GNEDABNE,231,135,127,117,152,72,143,47,,,,,,,,,,,,,,,,,,,,,
QSTDABN,102,156,272,121,127,36,116,,,,,,,,,,,,,,,,,,,,,,
GDRZDABN,162,52,109,281,100,113,26,115,,,,,,,,,,,,,,,,,,,,,
GYUTDAMZY,202,126,92,220,111,81,114,235,122,,,,,,,,,,,,,,,,,,,,
DAMZYU,92,62,162,315,122,53,,,,,,,,,,,,,,,,,,,,,,,
MZDABNEDAB,241,269,87,109,72,148,194,76,106,78,,,,,,,,,,,,,,,,,,,
MZNE,230,353,98,136,,,,,,,,,,,,,,,,,,,,,,,,,
GNDABUT,265,142,68,125,87,121,180,,,,,,,,,,,,,,,,,,,,,,
STKC,176,343,176,81,,,,,,,,,,,,,,,,,,,,,,,,,
HDRZKCDABU,96,94,112,219,173,89,94,131,73,69,,,,,,,,,,,,,,,,,,,
STDABN,198,357,106,128,82,122,,,,,,,,,,,,,,,,,,,,,,,
GNEYUT,291,131,150,100,108,119,,,,,,,,,,,,,,,,,,,,,,,
GYUTDABN,36,88,85,245,126,141,69,125,,,,,,,,,,,,,,,,,,,,,
GNDABND,277,162,117,143,90,125,195,,,,,,,,,,,,,,,,,,,,,,
STK,185,383,162,,,,,,,,,,,,,,,,,,,,,,,,,,
DRZCDABUT,87,130,312,113,94,136,81,108,59,,,,,,,,,,,,,,,,,,,,
GBIHDRZYUT,63,33,83,154,92,115,296,102,94,157,,,,,,,,,,,,,,,,,,,
GNDAMZKDABUTC,215,151,145,85,104,269,129,91,114,84,92,91,113,,,,,,,,,,,,,,,,
GYUTDABNE,96,85,79,208,80,115,94,109,71,,,,,,,,,,,,,,,,,,,,
GNEDABN,264,118,110,63,126,86,145,,,,,,,,,,,,,,,,,,,,,,
QIYUTYUK,66,128,117,100,131,114,78,103,,,,,,,,,,,,,,,,,,,,,
STCDABND,162,378,83,94,128,81,132,91,,,,,,,,,,,,,,,,,,,,,
BIHDRZDABNDABUT,43,31,184,87,149,130,92,118,78,148,98,107,79,81,163,,,,,,,,,,,,,,
QIHYUTDABYUT,85,61,62,123,95,233,123,171,75,108,42,55,,,,,,,,,,,,,,,,,
HDAMZDABNDABND,215,85,57,116,168,102,127,79,118,105,125,79,141,178,,,,,,,,,,,,,,,
GNDABUT,271,154,75,136,76,108,233,,,,,,,,,,,,,,,,,,,,,,
GNYUTD,214,164,85,95,240,141,,,,,,,,,,,,,,,,,,,,,,,
GYUTDABNYUT,205,132,65,186,62,142,79,124,118,77,90,,,,,,,,,,,,,,,,,,
HARZKCDABUT,168,129,139,309,147,87,75,148,77,51,127,,,,,,,,,,,,,,,,,,
BCDRZCDABNDABN,167,58,78,121,306,85,96,143,75,118,120,124,90,104,,,,,,,,,,,,,,,
STDABFCDAMZ,128,309,98,140,69,131,57,72,95,91,84,,,,,,,,,,,,,,,,,,
QIHDRZDABST,112,101,64,80,129,327,126,100,100,60,102,,,,,,,,,,,,,,,,,,
HDARZDABUTCDABUT,150,79,256,128,160,101,117,73,64,167,107,83,125,91,96,119,,,,,,,,,,,,,
ADAMZDABUT,185,144,68,129,193,132,104,78,68,37,,,,,,,,,,,,,,,,,,,
STCDABUTD,145,291,66,68,134,88,88,202,153,,,,,,,,,,,,,,,,,,,,
GNDABUTYUT,183,150,75,100,78,82,56,124,97,211,,,,,,,,,,,,,,,,,,,
STCDABUTK,155,253,88,67,129,75,98,135,110,,,,,,,,,,,,,,,,,,,,
BIHCDRZDABND,63,45,51,96,102,140,307,101,86,89,137,139,,,,,,,,,,,,,,,,,
RZCDAM,143,333,82,79,97,183,,,,,,,,,,,,,,,,,,,,,,,
RZDAMNEDABUT,96,155,92,68,131,143,153,77,98,112,92,149,,,,,,,,,,,,,,,,,
DRZCDABN,68,138,222,95,91,131,76,137,,,,,,,,,,,,,,,,,,,,,
HDRZYUTDAB,112,93,114,161,112,54,244,120,158,70,,,,,,,,,,,,,,,,,,,
BSTDABND,173,116,279,182,129,66,138,184,,,,,,,,,,,,,,,,,,,,,
GNEDABN,168,159,141,85,113,72,144,,,,,,,,,,,,,,,,,,,,,,
DRZCDABN,73,119,277,88,83,138,39,140,,,,,,,,,,,,,,,,,,,,,
GNDRZDAZKC,199,159,84,109,228,86,119,250,139,96,,,,,,,,,,,,,,,,,,,
MRZDABNYUTK,202,45,169,97,117,61,130,112,75,153,111,,,,,,,,,,,,,,,,,,
MZDABNE,192,226,92,122,49,127,88,,,,,,,,,,,,,,,,,,,,,,
MZDARZD,179,351,96,132,96,256,179,,,,,,,,,,,,,,,,,,,,,,
MZED,187,321,211,164,,,,,,,,,,,,,,,,,,,,,,,,,
STDABNEDARZYUT,128,349,84,140,78,141,146,75,115,55,149,128,112,131,,,,,,,,,,,,,,,
GNDARZD,227,143,160,154,69,181,122,,,,,,,,,,,,,,,,,,,,,,
BFCDABNDAYU,157,170,61,72,119,84,133,107,112,104,100,,,,,,,,,,,,,,,,,,
BFDABNEDARZ,107,251,95,127,88,133,68,59,150,51,163,,,,,,,,,,,,,,,,,,
GNDABNEDABN,239,140,85,130,72,109,98,56,156,78,121,,,,,,,,,,,,,,,,,,
KCDABNDARZ,64,51,57,121,84,132,125,130,39,168,,,,,,,,,,,,,,,,,,,
LNEDABN,251,153,134,116,119,89,139,,,,,,,,,,,,,,,,,,,,,,
GNDABNEDRZJ,233,129,174,139,67,140,135,76,94,427,248,,,,,,,,,,,,,,,,,,
DRZDABND,76,132,147,114,112,54,156,152,,,,,,,,,,,,,,,,,,,,,
BFCDAYUT,120,178,185,130,131,96,94,92,,,,,,,,,,,,,,,,,,,,,
DRMZDABUTDABNYUTCDABUT,80,187,158,231,146,105,63,40,262,83,130,40,126,127,41,41,89,102,119,77,66,120,,,,,,,
GNDAYUTDYUTCDZ,263,161,153,158,104,46,174,198,98,50,144,86,94,194,,,,,,,,,,,,,,,
DRZDBFC,80,118,222,124,119,138,115,,,,,,,,,,,,,,,,,,,,,,
HDABFCDAB,153,88,200,115,149,104,160,140,72,,,,,,,,,,,,,,,,,,,,
IDRZDABNEYUTDABYUTD,168,69,141,343,121,106,62,148,144,91,77,135,76,112,98,110,34,230,75,,,,,,,,,,
BFCDABUT,105,199,103,134,151,66,88,134,,,,,,,,,,,,,,,,,,,,,
BFCDABNDABYU,102,188,96,91,131,52,123,118,109,79,111,36,,,,,,,,,,,,,,,,,
QIFCDABYTD,100,77,188,113,119,130,99,131,294,144,,,,,,,,,,,,,,,,,,,
BFCDABUTD,107,200,120,86,136,74,80,234,88,,,,,,,,,,,,,,,,,,,,
FCDABNDAUTYU,199,114,71,151,63,155,85,90,87,153,122,92,,,,,,,,,,,,,,,,,
BIHDRZDABNDAUTKC,121,55,167,86,114,172,76,111,50,152,87,106,53,175,109,76,,,,,,,,,,,,,
STDABND,133,415,92,105,98,127,200,,,,,,,,,,,,,,,,,,,,,,
BQIHDRZDYUTCDABND,145,104,58,77,95,115,229,200,117,37,127,83,69,140,87,149,109,,,,,,,,,,,,
AYUTDABYUT,150,134,55,163,91,111,93,115,78,221,,,,,,,,,,,,,,,,,,,
BCDRZCDA,134,98,91,93,269,153,101,132,,,,,,,,,,,,,,,,,,,,,
GNDABN,226,130,155,98,77,139,,,,,,,,,,,,,,,,,,,,,,,
BFDABNE,150,179,60,118,74,156,172,,,,,,,,,,,,,,,,,,,,,,
BSTKDABNE,141,137,212,121,72,118,97,121,128,,,,,,,,,,,,,,,,,,,,
GNDABN,286,140,158,132,69,136,,,,,,,,,,,,,,,,,,,,,,,
BFOCDABN,106,167,99,178,73,129,75,122,,,,,,,,,,,,,,,,,,,,,
QSTKCDAB,93,128,280,132,111,78,125,91,,,,,,,,,,,,,,,,,,,,,
STKCDABNE,161,286,192,120,57,125,67,126,128,,,,,,,,,,,,,,,,,,,,
RZED,131,388,109,207,,,,,,,,,,,,,,,,,,,,,,,,,
BFCDABNEYUTKDABN,110,171,186,113,129,80,145,100,90,79,139,141,63,110,87,89,,,,,,,,,,,,,
HDRZNEDABNYU,131,71,107,188,137,98,143,141,81,153,114,116,,,,,,,,,,,,,,,,,
HDABFCDABNYUT,214,80,202,142,168,81,105,114,89,164,109,90,192,,,,,,,,,,,,,,,,
HDRZNYUTKC,193,88,128,185,74,99,23,166,130,113,,,,,,,,,,,,,,,,,,,
GNDABNYUTCDABFK,200,133,179,121,81,155,108,86,131,88,72,108,83,96,125,,,,,,,,,,,,,,
BFCDABNDAMZ,109,259,112,144,130,37,125,77,65,127,108,,,,,,,,,,,,,,,,,,
BFTKCDABND,74,141,226,129,86,103,123,83,131,94,,,,,,,,,,,,,,,,,,,
QIHDRZDAMZ,77,120,90,58,137,185,90,67,137,37,,,,,,,,,,,,,,,,,,,
BFCDABYUTK,110,157,153,103,131,104,95,54,129,150,,,,,,,,,,,,,,,,,,,
BIOCDAMZYUTC,22,81,140,81,74,88,131,218,107,58,151,82,,,,,,,,,,,,,,,,,
BSTKCDABNE,90,176,256,152,88,62,128,96,110,129,,,,,,,,,,,,,,,,,,,
GNEYUT,321,141,99,97,91,260,,,,,,,,,,,,,,,,,,,,,,,
STKCDABN,169,268,134,94,50,135,86,119,,,,,,,,,,,,,,,,,,,,,
STKCDABN,178,305,153,114,64,130,63,147,,,,,,,,,,,,,,,,,,,,,
STUDABN,204,446,182,115,109,34,115,,,,,,,,,,,,,,,,,,,,,,
BSTKCDABN,195,196,297,115,39,60,166,90,122,,,,,,,,,,,,,,,,,,,,
BIHDAMZ,158,33,202,72,55,128,163,,,,,,,,,,,,,,,,,,,,,,
YUTNEDABN,105,97,185,148,132,56,100,103,141,,,,,,,,,,,,,,,,,,,,
BFOCDABUT,97,116,139,145,70,132,86,92,260,,,,,,,,,,,,,,,,,,,,
HDRMNDABNEDABUTCDABN,170,105,141,168,156,96,121,78,156,96,121,104,81,91,150,125,79,116,81,117,,,,,,,,,
STKCD,178,471,163,99,71,,,,,,,,,,,,,,,,,,,,,,,,
BFCDABNDAUTK,147,204,53,120,137,55,130,82,114,48,196,135,,,,,,,,,,,,,,,,,
QHDRZKCDABNYUT,156,176,94,98,363,170,110,69,120,97,132,127,68,152,,,,,,,,,,,,,,,
STKCDABN,189,299,153,93,58,134,81,101,,,,,,,,,,,,,,,,,,,,,
GNEDABUT,222,151,222,66,112,90,92,63,,,,,,,,,,,,,,,,,,,,,
STDABUTCDABNYUT,175,257,139,133,75,74,114,80,74,112,37,115,92,48,120,,,,,,,,,,,,,,
STDABN,191,286,79,105,77,134,,,,,,,,,,,,,,,,,,,,,,,
MZCDAUT,220,363,99,70,130,92,111,,,,,,,,,,,,,,,,,,,,,,
GDRZNDABNE,304,37,96,338,151,75,113,73,123,173,,,,,,,,,,,,,,,,,,,
STKDABNEDABTC,233,322,113,120,141,79,108,185,87,126,88,49,78,,,,,,,,,,,,,,,,
BIHDRZDAMZCDRB,112,42,85,59,105,187,69,50,134,109,84,80,92,81,,,,,,,,,,,,,,,
YUTKDABNE,104,80,265,193,109,150,42,123,129,,,,,,,,,,,,,,,,,,,,
STDABNE,229,303,77,122,76,137,83,,,,,,,,,,,,,,,,,,,,,,
DRZFDABNDAU,73,97,191,61,129,122,92,157,116,114,78,,,,,,,,,,,,,,,,,,
BISTDAMZCD,96,48,93,256,104,73,123,184,106,190,,,,,,,,,,,,,,,,,,,
BIFCDABND,150,57,162,98,160,124,53,144,194,,,,,,,,,,,,,,,,,,,,
UTDABCDABN,58,243,156,134,84,176,100,128,81,136,,,,,,,,,,,,,,,,,,,
BIOCDAZCDAB,155,73,121,94,111,155,186,91,147,115,71,,,,,,,,,,,,,,,,,,
BFCDABT,135,176,91,106,127,73,226,,,,,,,,,,,,,,,,,,,,,,
YUTDABNDRZ,106,91,248,82,112,68,115,102,80,167,,,,,,,,,,,,,,,,,,,
DRZCDAMNEDABUFCDABNDA,69,123,233,64,115,81,145,127,182,170,118,72,98,119,98,94,115,75,98,167,34,,,,,,,,
BFCDAMZYUTDA,147,138,60,103,85,127,213,122,64,118,96,123,,,,,,,,,,,,,,,,,
MZCDABNEDA,219,210,184,75,111,50,140,173,151,50,,,,,,,,,,,,,,,,,,,
MZKCDABN,179,332,110,107,104,92,73,137,,,,,,,,,,,,,,,,,,,,,
DRZNEDABN,66,113,302,142,136,120,127,58,141,,,,,,,,,,,,,,,,,,,,
BIH,165,70,25,,,,,,,,,,,,,,,,,,,,,,,,,,
DRZNYUT,57,105,401,155,98,97,232,,,,,,,,,,,,,,,,,,,,,,
BSTDABNE,117,140,296,121,138,67,112,208,,,,,,,,,,,,,,,,,,,,,
BFCDABNE,97,193,106,69,146,95,126,82,,,,,,,,,,,,,,,,,,,,,
STDABNYUTC,187,263,89,146,84,132,107,59,165,99,,,,,,,,,,,,,,,,,,,
MZTKCDABN,218,421,343,155,56,74,119,94,106,,,,,,,,,,,,,,,,,,,,
HDRZKT,55,71,109,343,159,106,,,,,,,,,,,,,,,,,,,,,,,
MZKCDABNE,231,276,166,85,96,143,57,142,133,,,,,,,,,,,,,,,,,,,,
STKCDABNEJ,190,284,115,55,104,141,77,128,128,155,,,,,,,,,,,,,,,,,,,
GNYUTDABNE,215,154,93,73,236,169,129,68,122,128,,,,,,,,,,,,,,,,,,,
MZNE,196,371,160,131,,,,,,,,,,,,,,,,,,,,,,,,,
BFOCDABN,131,158,101,82,114,128,68,136,,,,,,,,,,,,,,,,,,,,,
QIDRZCDAB,94,110,66,104,325,179,99,130,81,,,,,,,,,,,,,,,,,,,,
STDAUKCDABN,163,220,77,144,107,121,125,101,121,78,122,,,,,,,,,,,,,,,,,,
GNEDABNE,317,147,137,118,128,73,125,87,,,,,,,,,,,,,,,,,,,,,
MZCDYUTCDABN,223,271,108,209,112,97,139,91,60,106,53,120,,,,,,,,,,,,,,,,,
MZYUTCDABN,190,302,103,92,109,60,137,111,70,135,,,,,,,,,,,,,,,,,,,
STDABNYUTCDAB,166,272,107,130,79,129,97,83,126,83,78,101,73,,,,,,,,,,,,,,,,
MZKCDABN,233,324,126,112,62,121,71,160,,,,,,,,,,,,,,,,,,,,,
GDRZYUYKD,258,68,97,232,97,35,63,86,93,,,,,,,,,,,,,,,,,,,,
MZDABUTKC,227,156,117,123,86,107,186,127,129,,,,,,,,,,,,,,,,,,,,
GNYUTD,236,157,114,85,215,167,,,,,,,,,,,,,,,,,,,,,,,
QHDRZDABNEYUT,94,167,75,104,222,98,110,85,121,137,95,75,98,,,,,,,,,,,,,,,,
AMZDABFCDABND,124,202,271,186,148,78,152,64,80,141,66,137,210,,,,,,,,,,,,,,,,
BFCDABNE,80,185,139,69,121,90,148,84,,,,,,,,,,,,,,,,,,,,,
MZLNEYUT,213,298,114,161,136,79,71,47,,,,,,,,,,,,,,,,,,,,,
BFCDABNEDAU,103,263,61,93,144,78,144,88,90,120,81,,,,,,,,,,,,,,,,,,
BFKDARZCDABN,109,166,138,92,92,78,231,57,66,95,80,128,,,,,,,,,,,,,,,,,
QIHDRZNEYUTDABN,98,32,164,104,111,271,157,102,98,62,236,72,126,48,119,,,,,,,,,,,,,,
BSTKCDABN,71,119,282,116,165,85,110,57,136,,,,,,,,,,,,,,,,,,,,
BSTKCDABN,74,125,287,164,87,74,140,79,50,,,,,,,,,,,,,,,,,,,,
MZNEYUT,211,254,141,139,109,93,22,,,,,,,,,,,,,,,,,,,,,,
MZLNEYUT,186,226,120,143,138,100,76,110,,,,,,,,,,,,,,,,,,,,,
MZKCDABNEYUT,188,325,190,37,108,144,59,145,147,93,68,98,,,,,,,,,,,,,,,,,
BSTKDABFCD,80,138,287,125,84,132,67,95,71,130,,,,,,,,,,,,,,,,,,,
BFCDABNED,76,126,87,64,117,69,163,174,140,,,,,,,,,,,,,,,,,,,,
RZDABND,122,316,95,126,76,149,173,,,,,,,,,,,,,,,,,,,,,,
BFCDABUTKDABNE,118,223,84,70,146,93,93,169,118,104,145,68,123,92,,,,,,,,,,,,,,,
BSTKCDABN,67,164,308,137,107,57,159,72,136,,,,,,,,,,,,,,,,,,,,
GNEDABNYUTCDABNE,344,124,131,47,114,100,142,116,66,127,56,67,115,68,137,38,,,,,,,,,,,,,
MZLNDABNBEDABUTKD,211,352,167,139,73,97,76,49,110,94,62,115,69,48,234,170,114,,,,,,,,,,,,
BFCDABNYUTKDABN,87,213,146,68,133,73,151,91,93,231,139,72,136,62,138,,,,,,,,,,,,,,
DRZNEYUT,73,145,185,140,143,103,102,31,,,,,,,,,,,,,,,,,,,,,
BSTKDABN,117,135,257,165,84,120,72,111,,,,,,,,,,,,,,,,,,,,,
MZKCDABN,167,352,161,104,63,137,77,134,,,,,,,,,,,,,,,,,,,,,
MZNEYUT,221,323,138,141,90,102,75,,,,,,,,,,,,,,,,,,,,,,
DANYUTKDABN,52,211,140,84,79,174,176,57,104,94,54,,,,,,,,,,,,,,,,,,
GNYUTK,293,145,95,88,228,132,,,,,,,,,,,,,,,,,,,,,,,
MZNYUTK,216,349,114,98,78,287,139,,,,,,,,,,,,,,,,,,,,,,
GNYUTKC,329,148,105,79,200,130,57,,,,,,,,,,,,,,,,,,,,,,
BSTCDABN,63,136,204,163,64,152,62,83,,,,,,,,,,,,,,,,,,,,,
QSTCDABNE,90,116,285,121,107,142,71,143,51,,,,,,,,,,,,,,,,,,,,
BFCDABNE,92,150,136,181,110,79,141,127,,,,,,,,,,,,,,,,,,,,,
DRZYUTDABNE,112,113,321,103,102,223,100,135,86,131,40,,,,,,,,,,,,,,,,,,
DAMZCDABUT,73,59,138,199,64,77,123,91,88,97,,,,,,,,,,,,,,,,,,,
BFCDAUTCDAB,118,156,155,82,153,77,162,164,97,131,78,,,,,,,,,,,,,,,,,,
QIHDRMZ,97,162,50,105,129,81,290,,,,,,,,,,,,,,,,,,,,,,
BIHYUTCDABNEYUT,70,74,232,116,93,310,94,65,129,92,129,91,112,100,82,,,,,,,,,,,,,,
BSTDABNYUT,50,124,416,100,129,80,142,104,75,141,,,,,,,,,,,,,,,,,,,
MZKCD,274,306,234,44,176,,,,,,,,,,,,,,,,,,,,,,,,
BFKCDAUTKYU,143,223,122,215,68,134,93,223,177,122,96,,,,,,,,,,,,,,,,,,
QIHDRZNYUTCDABNE,95,107,94,75,122,176,150,122,70,280,115,82,124,77,146,88,,,,,,,,,,,,,
BIFCDAMZNEYUTCDABN,153,86,180,170,87,76,125,342,143,59,99,90,140,126,80,104,92,115,,,,,,,,,,,
GNEYUTKC,300,164,172,88,100,236,151,82,,,,,,,,,,,,,,,,,,,,,
STKJ,199,349,192,281,,,,,,,,,,,,,,,,,,,,,,,,,
GNEDLE,350,141,134,173,127,156,,,,,,,,,,,,,,,,,,,,,,,
BSTKDABN,85,144,279,152,73,128,76,112,,,,,,,,,,,,,,,,,,,,,
STKCDABN,215,283,143,98,80,146,71,98,,,,,,,,,,,,,,,,,,,,,
STKCDABN,291,262,180,82,77,131,78,133,,,,,,,,,,,,,,,,,,,,,
MZKDAB,221,340,182,108,128,80,,,,,,,,,,,,,,,,,,,,,,,
STDABFKJ,142,260,120,137,81,111,159,223,,,,,,,,,,,,,,,,,,,,,
GNEDAUT,278,144,132,79,115,90,205,,,,,,,,,,,,,,,,,,,,,,
BSTCDABN,66,134,279,82,75,112,58,135,,,,,,,,,,,,,,,,,,,,,
STNYU,157,466,183,106,110,,,,,,,,,,,,,,,,,,,,,,,,
BIHDRZCDABNEYUTKCD,176,55,173,95,113,207,84,60,116,113,147,126,104,91,136,152,39,44,,,,,,,,,,,
BFOCDABNYUTCDABNYUT,67,207,123,166,76,141,99,165,92,83,240,59,66,118,99,146,101,72,137,,,,,,,,,,
BFCDABNE,40,197,186,72,141,64,134,126,,,,,,,,,,,,,,,,,,,,,
QIHDRZDABN,88,34,81,79,104,126,80,124,78,152,,,,,,,,,,,,,,,,,,,
BFDNYUTCJ,65,148,218,158,108,87,219,39,235,,,,,,,,,,,,,,,,,,,,
HDRZCDABN,199,86,119,282,207,118,115,63,145,,,,,,,,,,,,,,,,,,,,
BSTDYUTDANEDRZCDA,120,145,237,193,150,87,134,99,137,130,140,83,114,180,34,140,87,,,,,,,,,,,,
HDRZCJ,248,66,111,271,192,202,,,,,,,,,,,,,,,,,,,,,,,
ANDABNE,220,151,68,113,93,173,76,,,,,,,,,,,,,,,,,,,,,,
DRZLNE,53,115,335,129,154,39,,,,,,,,,,,,,,,,,,,,,,,
BFTCDABN,81,203,330,139,70,149,93,135,,,,,,,,,,,,,,,,,,,,,
GNDEYUTKCDABN,445,189,183,123,109,94,215,187,105,71,121,114,42,,,,,,,,,,,,,,,,
BSTKCDABNYUTN,120,162,244,194,82,87,124,86,143,114,65,213,28,,,,,,,,,,,,,,,,
DRMTDABNYUTCDABCYUT,77,130,183,195,86,80,93,127,100,89,207,191,68,130,105,121,94,82,21,,,,,,,,,,
BIHDARZYUTKDABNYUT,68,59,172,89,63,93,186,106,84,267,187,74,124,74,123,115,78,28,,,,,,,,,,,
GNDABNYUTCDABNYUTK,319,166,103,150,97,166,101,77,205,168,62,106,100,123,100,65,146,162,,,,,,,,,,,
BIHDRMTCSABNDAUTCYUL,85,55,136,72,133,118,31,82,99,108,128,162,103,122,88,156,112,110,67,135,,,,,,,,,
GNYUTKCY,229,188,96,72,233,213,172,121,,,,,,,,,,,,,,,,,,,,,
MZJYUT,210,205,274,115,85,325,,,,,,,,,,,,,,,,,,,,,,,
BFOCDAUT,69,276,95,176,106,137,95,191,,,,,,,,,,,,,,,,,,,,,
BFCDABNYUTYTCDABN,89,150,140,92,153,84,135,96,66,198,111,80,108,98,115,78,138,,,,,,,,,,,,
DRZLNYUTKC,71,124,423,154,149,95,79,220,204,83,,,,,,,,,,,,,,,,,,,
MZKCDABN,200,342,228,150,90,105,78,122,,,,,,,,,,,,,,,,,,,,,
BFCDABNYU,63,117,147,95,147,86,169,123,80,,,,,,,,,,,,,,,,,,,,
CDRZDN,192,74,115,150,220,177,,,,,,,,,,,,,,,,,,,,,,,
BFCFKCDABND,52,140,128,131,281,102,99,144,74,145,155,,,,,,,,,,,,,,,,,,
DRZLNEYUT,108,114,396,192,131,134,107,79,70,,,,,,,,,,,,,,,,,,,,
BFOCDABNDABN,42,186,97,176,88,127,91,150,131,131,82,124,,,,,,,,,,,,,,,,,
QIHDRZLNEDABNE,101,60,182,100,110,345,164,156,140,128,142,81,146,88,,,,,,,,,,,,,,,
BIHDAMZCDNDAB,53,58,186,79,89,121,208,80,201,159,107,116,75,,,,,,,,,,,,,,,,
MZLNYUTK,229,295,161,180,106,85,210,242,,,,,,,,,,,,,,,,,,,,,
QIHDRZLNDAB,104,42,174,77,109,355,139,135,84,102,93,,,,,,,,,,,,,,,,,,
DACYGNDJYUTKC,47,243,78,129,104,156,194,245,97,79,228,169,117,,,,,,,,,,,,,,,,
BSTKCDABNDARZ,37,145,314,170,110,58,119,92,145,80,166,52,175,,,,,,,,,,,,,,,,
MZLNEDABN,215,356,154,156,132,51,127,76,158,,,,,,,,,,,,,,,,,,,,
BSTKCDABDN,60,181,435,256,78,77,128,99,164,37,,,,,,,,,,,,,,,,,,,
DAMZDRABNYU,82,87,135,205,106,83,39,94,139,97,82,,,,,,,,,,,,,,,,,,
CDARZCDAUTJ,106,94,66,108,176,52,99,124,66,231,245,,,,,,,,,,,,,,,,,,
MZLNEYUT,191,325,149,163,135,101,108,78,,,,,,,,,,,,,,,,,,,,,
BIHDRZDNDABNEYUTKCDAB,35,92,123,65,105,165,201,159,52,142,95,134,135,91,70,224,178,143,78,130,79,,,,,,,,
BIHDRZCDND,44,70,129,92,121,196,91,213,137,61,,,,,,,,,,,,,,,,,,,
BSTKCDABNYUT,35,167,296,146,124,121,138,86,165,103,94,32,,,,,,,,,,,,,,,,,
STKCDABN,120,290,194,141,105,130,74,142,,,,,,,,,,,,,,,,,,,,,
BFCDAMNEDAUTCYUT,74,157,77,98,69,104,154,129,111,116,81,119,125,134,64,186,,,,,,,,,,,,,
QIHDRZCDABFCDNYUTUCY,76,104,93,72,126,153,56,110,153,97,122,118,197,185,106,64,199,159,88,139,,,,,,,,,
DMZCDABNDJ,88,161,172,51,113,110,105,177,185,21,,,,,,,,,,,,,,,,,,,
HDRZCDJYUTC,233,61,108,137,87,231,371,113,96,122,103,,,,,,,,,,,,,,,,,,
DABNDAZDRZEYUTCDABNYU,101,135,94,156,101,130,195,95,82,247,126,100,68,118,191,84,108,91,153,119,79,,,,,,,,
T,104,,,,,,,,,,,,,,,,,,,,,,,,,,,,
BIHDRZCDABNDAUT,31,63,135,92,144,161,82,105,144,73,142,85,131,67,88,,,,,,,,,,,,,,
DRZCDABNDABNYUTCDA,62,138,167,49,100,135,94,145,128,124,56,152,132,73,198,169,116,124,,,,,,,,,,,
GSTKJ,195,71,286,230,252,,,,,,,,,,,,,,,,,,,,,,,,
MZCDNDABNEYUTJ,220,182,44,162,161,100,125,59,176,135,104,65,157,251,,,,,,,,,,,,,,,
DRZCDABNEYUTC,53,127,157,60,84,108,88,160,126,98,79,122,197,,,,,,,,,,,,,,,,
BFDRZDNYUT,43,170,107,116,183,165,180,130,53,162,,,,,,,,,,,,,,,,,,,
BIHDRCDABFCDAUTYUKCDABNDA,54,58,138,95,217,89,101,141,98,120,149,91,128,96,191,131,66,168,117,91,112,97,127,110,97,,,,
HDRZDACDRZCDABNYUTCDABN,180,72,128,148,108,136,101,103,109,179,93,123,101,84,146,119,66,118,112,111,126,79,128,,,,,,
BFDRZLNYUT,144,198,88,212,236,221,178,119,96,92,,,,,,,,,,,,,,,,,,,
BIHDRZLNYUT,131,69,121,71,114,366,188,140,109,90,231,,,,,,,,,,,,,,,,,,
DRZDABNYUTCDABNYUTCD,73,114,127,101,149,98,136,84,76,240,147,65,117,76,147,102,81,117,125,93,,,,,,,,,
ARZCDRZCDABNYUZDABNYUTC,54,128,146,85,84,137,197,71,111,171,91,175,97,69,208,60,128,92,120,102,82,112,114,,,,,,
BFCDABN,72,262,166,100,145,84,161,,,,,,,,,,,,,,,,,,,,,,
BSTKCD,64,170,273,164,141,41,,,,,,,,,,,,,,,,,,,,,,,
BFCDABNYUTKC,70,196,186,72,148,118,165,106,88,199,269,53,,,,,,,,,,,,,,,,,
BIHDARZCDABN,63,66,121,65,64,78,274,138,83,115,81,151,,,,,,,,,,,,,,,,,
GNDJYUT,354,157,200,283,104,88,50,,,,,,,,,,,,,,,,,,,,,,
MZLNE,184,321,165,137,126,,,,,,,,,,,,,,,,,,,,,,,,
GNDABNEYUT,305,174,70,165,85,165,128,98,80,55,,,,,,,,,,,,,,,,,,,
GNEYUT,269,156,169,94,75,191,,,,,,,,,,,,,,,,,,,,,,,
BUTJYUTCDAB,36,194,227,291,105,115,74,152,71,126,89,,,,,,,,,,,,,,,,,,
GNDJYUT,402,155,186,283,122,73,64,,,,,,,,,,,,,,,,,,,,,,
BIHDRZDABN,38,70,84,88,112,137,120,142,98,119,,,,,,,,,,,,,,,,,,,
CDRZCDABNYUTCDAB,129,105,137,131,53,88,158,84,156,110,87,129,137,69,107,81,,,,,,,,,,,,,
QSTCDABNYUTCDABN,42,184,242,140,111,113,87,161,91,70,93,139,77,132,90,142,,,,,,,,,,,,,
DRZCDABNYUT,79,111,138,59,150,134,74,161,99,87,123,,,,,,,,,,,,,,,,,,
STDABFOCDABN,153,172,104,135,89,97,113,152,82,133,81,100,,,,,,,,,,,,,,,,,
BIHDRZCDABUTCDJ,48,52,45,89,106,179,68,121,115,102,75,196,135,165,28,,,,,,,,,,,,,,
BIHDARZCYUT,60,69,129,94,53,102,154,95,136,80,203,,,,,,,,,,,,,,,,,,
GNDABUTYUT,249,170,74,140,94,84,217,128,85,42,,,,,,,,,,,,,,,,,,,
QIHDRZCDABNYUTKCYUT,87,41,81,100,115,159,45,114,106,70,138,97,98,204,176,86,127,83,109,,,,,,,,,,
BIHDAMZCDABNYUTK,40,58,167,100,73,115,282,135,90,125,81,152,129,70,207,214,,,,,,,,,,,,,
GNDABNEYUTCDABN,300,183,84,128,75,170,131,106,81,160,154,55,125,64,152,,,,,,,,,,,,,,
DRZDABNYUT,85,85,191,100,116,81,181,107,65,192,,,,,,,,,,,,,,,,,,,
GDABFCDAUT,579,66,125,80,133,204,80,104,88,186,,,,,,,,,,,,,,,,,,,
STDABNDAZ,165,253,85,131,86,176,69,149,160,,,,,,,,,,,,,,,,,,,,
BSTDNYUTJ,103,135,250,168,142,117,65,168,293,,,,,,,,,,,,,,,,,,,,
MZDAZLNYUTKC,207,243,109,87,222,167,144,125,64,184,201,146,,,,,,,,,,,,,,,,,
BIHDJYUTCDABNYUZ,124,70,126,223,198,101,90,288,184,72,142,103,143,106,73,165,,,,,,,,,,,,,
GYUTCDABNYUZKCDA,261,72,78,236,146,84,122,95,141,106,36,323,201,116,81,96,,,,,,,,,,,,,
BFCDABNE,61,187,136,110,135,99,169,156,,,,,,,,,,,,,,,,,,,,,
BIHDRZCDABN,68,57,159,70,100,169,85,89,124,95,99,,,,,,,,,,,,,,,,,,
BIHDAMZCDAB,61,85,164,88,67,133,125,50,126,96,86,,,,,,,,,,,,,,,,,,
BSTCDABNYUTJ,52,154,336,178,72,120,87,188,103,58,133,213,,,,,,,,,,,,,,,,,
BIHDRZDNYUTKCDABN,42,66,124,63,104,201,170,158,100,69,209,205,120,79,126,74,142,,,,,,,,,,,,
DABNYUTC,39,121,37,143,92,85,181,146,,,,,,,,,,,,,,,,,,,,,
BIHDRZCDABNY,48,95,182,77,151,130,55,94,124,71,172,88,,,,,,,,,,,,,,,,,
BFCDAMNEJYUTC,48,157,181,87,88,104,155,90,141,110,100,127,156,,,,,,,,,,,,,,,,
BFDCBFCDABNY,32,263,161,110,131,147,175,76,144,69,186,106,,,,,,,,,,,,,,,,,
GNDNYUTJY,293,178,180,141,101,79,216,213,88,,,,,,,,,,,,,,,,,,,,
GNDAMZCDNEYUT,291,153,79,82,109,218,49,197,178,125,108,73,90,,,,,,,,,,,,,,,,
STCDABNDYUTK,130,302,174,78,153,98,165,192,120,87,193,159,,,,,,,,,,,,,,,,,
GYTDABNDRZ,283,96,59,73,109,69,169,107,109,144,,,,,,,,,,,,,,,,,,,
SZCDABN,141,270,222,99,120,61,136,,,,,,,,,,,,,,,,,,,,,,
BFDRZDABN,106,239,100,129,351,145,139,124,150,,,,,,,,,,,,,,,,,,,,
DRZYUTCDABNDAUFCDAMRTYUKC,30,154,138,131,77,240,116,87,108,121,162,153,145,90,154,151,75,94,114,86,44,102,83,163,174,,,,
MZLNEDAUTKCDABN,157,379,166,186,90,101,146,87,209,297,126,67,154,89,124,,,,,,,,,,,,,,
GNDARZCDNYUTKCYUT,382,155,70,49,114,161,88,190,143,96,74,203,227,94,131,84,130,,,,,,,,,,,,
BIHCDRZDABNYUTK,48,80,39,87,84,94,233,94,146,73,140,98,48,247,170,,,,,,,,,,,,,,
MZCDABNDJYUT,195,215,79,106,132,64,184,161,243,97,90,190,,,,,,,,,,,,,,,,,
BIHANDAZYUTKCYUT,51,72,132,240,153,112,79,178,102,68,335,204,64,121,79,39,,,,,,,,,,,,,
BSTDABNYUTCDABNYUTC,111,118,365,90,152,72,156,108,57,268,121,86,161,66,144,90,52,185,119,,,,,,,,,,
IHDRZDABNDA,72,122,86,127,173,94,70,85,176,238,126,,,,,,,,,,,,,,,,,,
GNDABNEYUT,293,187,80,151,62,153,144,97,93,96,,,,,,,,,,,,,,,,,,,
HDRZDABNDAZYU,193,76,130,148,118,144,108,157,81,177,114,104,86,,,,,,,,,,,,,,,,
HDRZDABNYUT,208,92,142,143,113,125,54,168,99,81,76,,,,,,,,,,,,,,,,,,
MRZDNEYUTK,206,59,104,202,192,135,101,89,207,241,,,,,,,,,,,,,,,,,,,
BSTDABNYUT,45,148,311,95,149,58,155,104,83,56,,,,,,,,,,,,,,,,,,,
FDRZCDAMZLNEYUTJ,190,86,127,136,63,160,49,132,260,172,136,127,97,60,135,119,,,,,,,,,,,,,
BSTDAZCYUTDABNYUTCDABN,51,209,287,92,86,234,44,102,99,194,112,122,79,142,110,74,165,142,66,131,94,112,,,,,,,
GNDYUTKCYUT,322,162,164,112,94,227,140,143,125,81,92,,,,,,,,,,,,,,,,,,
BIHDRZCDABNYUT,175,59,125,81,120,163,86,108,92,87,164,105,71,93,,,,,,,,,,,,,,,
GNDARZYUTKCDABN,308,174,143,78,97,170,120,76,209,204,98,78,125,94,95,,,,,,,,,,,,,,
BIHDRZDAMNYUT,61,93,121,73,104,206,89,53,114,147,110,92,125,,,,,,,,,,,,,,,,
MZDNYUT,205,196,221,150,110,106,95,,,,,,,,,,,,,,,,,,,,,,
BSTDNYUTC,57,193,254,166,137,105,89,107,137,,,,,,,,,,,,,,,,,,,,
QSTCDNYUT,82,157,320,89,190,161,92,79,86,,,,,,,,,,,,,,,,,,,,
BSTCDABNYU,41,151,289,99,83,141,85,147,97,76,,,,,,,,,,,,,,,,,,,
MZDNDABNEYUT,235,192,204,215,89,142,77,154,134,102,70,43,,,,,,,,,,,,,,,,,
BIHDRZCDABNDEYUTCDABNYUTKDABN,92,43,155,94,105,179,85,87,133,76,178,150,116,107,92,120,178,88,111,66,175,103,89,166,244,96,130,74,109
BIHDRZDABNYUTCDABN,52,81,133,95,105,105,77,106,83,159,123,77,204,139,92,134,59,133,,,,,,,,,,,
GNDJYUTKCDABN,459,161,211,166,130,92,195,240,97,83,143,83,49,,,,,,,,,,,,,,,,
BIHCDRZLZYUTKCDABND,88,58,35,85,75,88,236,167,366,83,62,189,257,100,72,134,87,148,169,,,,,,,,,,
BSTDJYUTCDABN,38,160,297,193,62,104,83,103,181,76,123,69,31,,,,,,,,,,,,,,,,
BIHDRZCDB,94,84,171,77,105,210,81,172,109,,,,,,,,,,,,,,,,,,,,
GNDJYUTKC,221,159,170,276,101,79,298,204,119,,,,,,,,,,,,,,,,,,,,
GNDABNEDARZCDAUTKC,216,103,80,148,77,167,129,92,156,60,199,209,81,135,104,205,217,52,,,,,,,,,,,
QIHSRZCDNYUTCDABNYUTCDAB,82,143,132,99,108,214,90,205,79,102,78,129,160,68,117,76,165,120,78,179,162,74,140,84,,,,,
MZCDNYUTKCDAB,234,251,88,183,175,123,60,209,273,121,67,135,30,,,,,,,,,,,,,,,,
QIHDRZCDABN,89,121,63,77,105,183,81,120,115,80,115,,,,,,,,,,,,,,,,,,
BSTKC,58,134,354,307,184,,,,,,,,,,,,,,,,,,,,,,,,
ACDABNEYUTK,284,89,90,148,83,154,166,118,82,220,205,,,,,,,,,,,,,,,,,,
BSTKCDABNYUTKCDA,76,124,253,224,226,72,136,61,148,116,82,204,182,121,100,127,,,,,,,,,,,,,
BIHDRZCDEYUTCDA,40,67,91,73,129,188,86,204,118,103,68,273,163,128,121,,,,,,,,,,,,,,
QIHDRZDJYUT,92,122,89,66,98,222,213,551,118,92,148,,,,,,,,,,,,,,,,,,
GNEDABN,259,217,133,71,134,57,176,,,,,,,,,,,,,,,,,,,,,,
BFKCDABNYUTKC,119,187,220,138,114,159,53,172,105,90,217,207,146,,,,,,,,,,,,,,,,
BFDAZLNEYUT,98,242,105,83,378,186,137,133,126,92,99,,,,,,,,,,,,,,,,,,
BIHDRZCDNYUTCDABNDJ,56,54,180,91,114,168,58,185,164,112,63,209,194,62,121,67,153,145,71,,,,,,,,,,
BIHDRZLNDABNEYUT,69,82,128,86,116,381,197,150,100,138,78,152,86,98,87,150,,,,,,,,,,,,,
BSTDABN,142,152,307,121,146,114,155,,,,,,,,,,,,,,,,,,,,,,
BSTCDABNYUTDABNYUTC,124,138,113,84,88,144,80,181,108,92,126,86,129,75,169,109,87,218,121,,,,,,,,,,
QIHDRZCDAMZLZDABUTC,53,115,184,62,115,186,78,117,57,133,255,220,168,124,134,100,97,178,176,,,,,,,,,,
BFCDABNYUTFCDABN,66,253,150,101,178,83,169,102,82,225,43,51,76,165,78,176,,,,,,,,,,,,,
BFCDAMNYUT,82,175,164,100,153,126,180,111,90,192,,,,,,,,,,,,,,,,,,,
MZLNDABNEJ,210,261,166,193,71,159,57,158,134,202,,,,,,,,,,,,,,,,,,,
QIHDRZLCDAUTKCYUT,92,48,231,71,102,372,186,232,97,163,100,185,267,86,130,97,24,,,,,,,,,,,,
BIHDRZCDNYUTKCDABN,81,26,178,87,120,206,88,191,174,95,49,186,283,47,74,157,98,122,,,,,,,,,,,
BFCDABNYUTKC,88,291,200,89,164,76,165,113,85,197,236,109,,,,,,,,,,,,,,,,,
MZLNYUT,221,288,182,201,119,100,158,,,,,,,,,,,,,,,,,,,,,,
BFCDNYUTKCDABJ,71,238,148,194,192,98,85,195,274,87,77,122,87,139,,,,,,,,,,,,,,,
BFCNDABNEDABN,64,233,109,43,89,152,91,164,128,82,129,85,178,,,,,,,,,,,,,,,,
BIHDRZNDA,71,39,242,69,97,196,147,109,86,,,,,,,,,,,,,,,,,,,,
GNDABNEYUTKCDA,267,172,79,145,77,106,127,114,91,214,223,109,107,82,,,,,,,,,,,,,,,
BIHDRZCDEYUT,70,39,114,76,92,187,81,170,111,99,77,125,,,,,,,,,,,,,,,,,
QSTCDNDAB,108,182,244,185,194,195,98,155,96,,,,,,,,,,,,,,,,,,,,
MZLNED,201,329,150,168,137,114,,,,,,,,,,,,,,,,,,,,,,,
BSTDABNDJYUT,51,208,183,89,137,28,166,192,319,108,108,160,,,,,,,,,,,,,,,,,
QIHDRZDAMZD,80,61,121,77,116,186,81,84,132,68,176,,,,,,,,,,,,,,,,,,
BSDRZCDABNDABNYUTKCDAB,70,117,82,115,279,189,141,143,80,173,81,108,86,169,110,55,228,193,96,91,129,80,,,,,,,
MZLNEDABN,248,420,228,172,181,83,124,79,141,,,,,,,,,,,,,,,,,,,,
BFOCDAB,113,244,114,140,101,139,81,,,,,,,,,,,,,,,,,,,,,,
DRZCDABNYUTCDA,81,135,203,91,125,151,80,183,117,83,237,139,95,124,,,,,,,,,,,,,,,
GDAMCDRZYUTCDABNDAUTCDMBN,373,104,70,141,85,98,105,170,101,81,220,141,103,151,81,126,101,118,105,145,146,95,115,86,102,,,,
MRCDANDYUTKCDABNDEYUT,178,113,78,72,217,198,158,111,83,211,181,145,91,142,67,141,148,133,102,59,123,,,,,,,,
BIHDRZDAB,173,72,150,91,117,233,153,167,92,,,,,,,,,,,,,,,,,,,,
QIHDRZLNEDABUTKCDA,91,41,36,50,125,333,353,203,166,108,149,89,105,230,241,152,84,143,,,,,,,,,,,
MRZDRMNYUTCDABNDABNYUT,215,74,70,101,135,158,188,107,65,170,184,75,150,91,166,104,129,84,156,117,97,188,,,,,,,
BSCDRZDABNED,144,151,68,83,133,164,112,142,68,158,120,210,,,,,,,,,,,,,,,,,
DRZCDABFCDJ,68,112,189,99,95,124,110,123,142,181,212,,,,,,,,,,,,,,,,,,
BIHDRZCDABNDAM,69,81,132,82,120,181,89,123,154,68,146,90,78,66,,,,,,,,,,,,,,,
BIHCDAMZCYUTCDAB,122,67,127,84,104,69,136,116,55,116,75,132,187,142,136,65,,,,,,,,,,,,,
BSTCEDABNDARZ,133,137,221,77,48,71,122,65,158,79,139,55,99,,,,,,,,,,,,,,,,
BIHDRZCDAMNYUTCD,52,59,131,101,126,144,83,113,56,116,170,127,81,227,137,192,,,,,,,,,,,,,
BIHDRZCDNYUTCDA,56,57,169,82,123,170,56,198,197,123,54,206,150,72,144,,,,,,,,,,,,,,
STDABNDAUTCD,158,289,101,70,96,167,84,111,58,241,174,40,,,,,,,,,,,,,,,,,
BSTCDABNDJ,106,166,317,175,104,161,81,154,185,45,,,,,,,,,,,,,,,,,,,
QIHDRZLNED,80,132,107,75,106,396,155,145,126,174,,,,,,,,,,,,,,,,,,,
BSTCDABND,143,159,270,185,110,140,83,155,162,,,,,,,,,,,,,,,,,,,,
NDJYUTCDABN,183,181,254,121,101,222,139,82,134,86,141,,,,,,,,,,,,,,,,,,
STCDNYUTCDABN,251,258,131,177,170,114,98,104,150,81,131,79,99,,,,,,,,,,,,,,,,
BICDRZD,73,108,83,71,116,111,194,,,,,,,,,,,,,,,,,,,,,,
BFCDABNDAUTCYUKJ,71,201,161,85,146,84,173,105,121,88,202,106,130,35,278,36,,,,,,,,,,,,,
DRZCDNYUTCDABNYUTK,88,109,178,91,206,165,111,79,211,131,76,127,73,151,101,77,191,259,,,,,,,,,,,
BSTCDABNYUTJYUT,39,171,268,211,74,141,79,169,104,89,137,246,118,60,109,,,,,,,,,,,,,,
GNDJYUT,246,189,175,246,125,91,138,,,,,,,,,,,,,,,,,,,,,,
QIANYUTCDABNDJYUT,100,84,283,155,106,71,220,56,81,129,86,151,183,293,146,90,100,,,,,,,,,,,,
GNDABNEYUT,239,199,70,157,61,150,129,103,96,88,,,,,,,,,,,,,,,,,,,
MZLNDJYUTC,227,250,183,163,167,293,97,101,127,52,,,,,,,,,,,,,,,,,,,
MRZCDABNEY,200,42,181,93,91,142,82,181,130,31,,,,,,,,,,,,,,,,,,,
MRCDABNDEYUTKCDABN,175,100,96,88,137,95,176,155,120,92,99,226,265,123,81,144,75,103,,,,,,,,,,,
MZCDRZJYUTKC,209,181,68,98,130,222,247,121,90,370,247,81,,,,,,,,,,,,,,,,,
BSTKCDABND,97,172,252,223,121,78,131,101,129,194,,,,,,,,,,,,,,,,,,,
QIHDRZCDABNDJYUT,94,29,129,83,134,189,59,114,117,74,200,188,192,119,93,76,,,,,,,,,,,,,
BSTCDJ,35,182,284,173,176,255,,,,,,,,,,,,,,,,,,,,,,,
GNDJDABNDANEDA,306,188,201,237,58,150,78,147,102,138,176,150,79,117,,,,,,,,,,,,,,,
BFDEYUTKCDABF,34,352,219,114,115,87,233,221,145,64,152,85,268,,,,,,,,,,,,,,,,
BFCDRZHDABNYUTDABNYUT,62,147,119,100,122,184,222,91,143,96,159,105,88,200,97,130,77,112,127,91,103,,,,,,,,
BCHDABFCDABNYUT,49,179,162,89,197,98,175,165,63,138,86,143,100,76,193,,,,,,,,,,,,,,
MZLNYUTKCDABND,252,283,220,172,103,67,197,241,113,75,118,88,122,167,,,,,,,,,,,,,,,
BSTKCDAUTKCDABN,32,145,301,196,143,80,161,108,223,240,120,79,142,83,152,,,,,,,,,,,,,,
DANYUTCDABNYUT,74,172,161,107,94,139,137,98,119,92,153,122,73,132,,,,,,,,,,,,,,,
BSTKCDABNYUTK,85,159,341,211,123,96,178,74,152,99,94,205,107,,,,,,,,,,,,,,,,
QIHDRZCDAMNYUT,90,42,276,73,106,167,59,119,57,126,154,119,89,200,,,,,,,,,,,,,,,
HADNDJYUTKCDAB,219,277,205,177,185,332,100,106,223,285,155,77,131,47,,,,,,,,,,,,,,,
BFDAMNDAUTKCDABNYU,23,251,90,95,98,170,88,121,96,237,230,126,79,123,89,151,107,96,,,,,,,,,,,
GNDABNEJDABN,256,185,75,142,79,153,125,166,71,130,89,147,,,,,,,,,,,,,,,,,
MZCDABNEYUTKCDABN,253,200,93,101,139,78,170,140,93,89,202,191,122,80,135,96,143,,,,,,,,,,,,
BFCDABNYUTKC,54,204,146,94,136,81,155,117,74,222,264,115,,,,,,,,,,,,,,,,,
GNDJYUT,277,173,182,315,124,95,90,,,,,,,,,,,,,,,,,,,,,,
GNDEYUT,194,184,180,158,100,72,35,,,,,,,,,,,,,,,,,,,,,,
IHDRZLNDJYUT,57,202,87,119,274,176,159,171,238,127,79,196,,,,,,,,,,,,,,,,,
BSTCDABNDABN,38,155,246,171,62,118,86,142,101,126,56,46,,,,,,,,,,,,,,,,,
MZLNE,202,243,246,185,164,,,,,,,,,,,,,,,,,,,,,,,,
BFCDNYUTKCDABNY,106,156,154,198,160,115,88,194,295,109,81,138,90,151,141,,,,,,,,,,,,,,
DAMNDJYUTKCYU,90,59,134,183,183,234,122,99,249,258,96,142,90,,,,,,,,,,,,,,,,
BFCDABNYUTKC,86,146,167,96,126,66,179,117,84,185,283,107,,,,,,,,,,,,,,,,,
IHDRZCDABNDJYUT,42,190,84,104,144,62,67,119,77,156,171,234,132,95,72,,,,,,,,,,,,,,
DARZCDABNYUTCDABNYU,69,55,91,173,116,135,100,84,173,111,34,186,144,78,119,81,148,102,91,,,,,,,,,,
FCDRZDNYUTKCDABN,69,53,76,101,213,178,205,97,67,213,271,116,82,131,65,141,,,,,,,,,,,,,
DRZCDAMZCYUTCDEYUTLCDABK,79,107,144,54,91,73,121,47,53,114,78,201,156,163,123,120,46,150,104,179,83,131,110,223,,,,,
DRZCDAMDNYUTCDABND,92,122,135,55,115,43,156,147,183,100,52,216,161,73,114,86,190,164,,,,,,,,,,,
DRZCDJDAMNDEYUTCDABNY,63,128,174,49,175,241,78,104,118,178,155,160,112,90,116,125,82,108,69,166,149,,,,,,,,
GNDJYUTCDABNE,189,173,192,260,118,89,239,107,81,126,55,201,113,,,,,,,,,,,,,,,,
GNDJDABNDJ,273,204,173,186,77,128,77,184,158,179,,,,,,,,,,,,,,,,,,,
MZCDABNDJE,239,337,189,90,112,94,177,174,294,46,,,,,,,,,,,,,,,,,,,
BSTCDABNYUT,33,170,244,175,86,129,75,179,112,93,212,,,,,,,,,,,,,,,,,,
QIHDABNDEYUT,87,44,229,82,140,75,168,171,150,112,92,51,,,,,,,,,,,,,,,,,
BFCDN,50,192,150,190,173,,,,,,,,,,,,,,,,,,,,,,,,
STCDNYUT,139,304,110,190,153,112,89,44,,,,,,,,,,,,,,,,,,,,,
HDRZLNDABN,158,88,127,214,216,166,131,118,80,136,,,,,,,,,,,,,,,,,,,
BSDAMZLNEDAB,50,117,94,67,132,349,169,158,86,101,91,55,,,,,,,,,,,,,,,,,
BFKCDABNYUTKD,64,300,176,156,142,149,104,168,119,76,202,255,127,,,,,,,,,,,,,,,,
BIHDRZCDABNYUTCDAB,65,54,230,67,123,156,66,96,119,88,161,104,73,148,147,79,134,83,,,,,,,,,,,
GNDJYUTKCDABNYUTLJ,232,207,159,244,107,95,218,256,133,74,123,64,150,159,58,124,111,299,,,,,,,,,,,
GNDEYUTCDABN,294,192,173,115,121,84,215,223,74,137,63,169,,,,,,,,,,,,,,,,,
BIHDANYUTCDABNYUT,67,43,375,53,244,165,126,72,239,121,82,139,77,147,111,75,83,,,,,,,,,,,,
BSTCDABNEYUT,34,161,260,211,70,130,81,176,90,114,71,140,,,,,,,,,,,,,,,,,
BFCDABNEYUTKCDA,105,200,182,87,130,69,143,143,113,92,233,255,116,77,77,,,,,,,,,,,,,,
BSTCDJYUT,22,179,318,161,205,67,129,77,223,,,,,,,,,,,,,,,,,,,,
DRZDNYUTCDABNDABNDA,68,165,159,221,179,127,61,257,192,88,112,109,143,111,121,66,198,125,125,,,,,,,,,,
BIHANYUTKCDAB,113,42,136,270,202,101,38,192,251,119,77,120,81,,,,,,,,,,,,,,,,
GNDJYUTKCDAB,340,174,186,227,124,69,219,288,129,75,128,88,,,,,,,,,,,,,,,,,
MZBFCDEYUTCDABNYUTKCDAB,215,111,136,167,144,192,84,114,50,231,142,76,144,76,153,120,46,335,257,79,112,124,99,,,,,,
MZCDEYUTKCDABN,196,205,79,202,87,102,74,196,266,125,72,135,97,119,,,,,,,,,,,,,,,
MZLNEJ,211,356,205,160,130,206,,,,,,,,,,,,,,,,,,,,,,,
BIHDRZDNYUTCDAB,61,56,174,88,112,140,180,133,101,81,191,171,85,136,99,,,,,,,,,,,,,,
BIHDRZDNYUTCDABNYUTCDABN,64,68,221,87,112,166,183,157,99,74,196,146,96,119,92,144,109,75,105,136,72,145,70,116,,,,,
GNDJ,277,204,132,377,,,,,,,,,,,,,,,,,,,,,,,,,
GNDABND,248,182,126,145,84,163,108,,,,,,,,,,,,,,,,,,,,,,
BFCDABNDAUTCDANE,47,236,179,67,131,103,200,96,117,84,177,138,75,123,134,125,,,,,,,,,,,,,
BFOCDABNYUT,63,214,117,150,104,127,62,177,96,75,167,,,,,,,,,,,,,,,,,,
BIHDRZCDNYUTCJYU,56,65,215,81,110,151,46,209,160,96,67,132,88,137,136,77,,,,,,,,,,,,,
BFCDAMZLN,24,115,103,84,78,130,216,168,138,,,,,,,,,,,,,,,,,,,,
BSTCDAB,24,225,262,181,84,139,87,,,,,,,,,,,,,,,,,,,,,,
BFODABNDJ,98,179,134,155,136,67,166,183,229,,,,,,,,,,,,,,,,,,,,
DAMZCDABN,73,61,132,187,106,101,118,88,153,,,,,,,,,,,,,,,,,,,,
BFCDNYUTCDA,31,274,147,187,173,106,77,187,220,67,97,,,,,,,,,,,,,,,,,,
BIHDRZLNYUTKCDAB,62,63,168,77,96,328,151,139,105,71,216,266,152,74,154,84,,,,,,,,,,,,,
GHDEYUTKCYU,312,175,181,165,106,90,324,312,117,134,83,,,,,,,,,,,,,,,,,,
BFCDABNDJYUTKCY,112,154,224,96,131,64,158,158,239,103,67,245,238,63,134,,,,,,,,,,,,,,
GNDJ,256,196,183,313,,,,,,,,,,,,,,,,,,,,,,,,,
BSTCDABNYUTKCDAB,52,154,357,149,92,153,70,161,112,91,367,296,155,93,147,72,,,,,,,,,,,,,
GNDABNDJ,242,175,97,154,75,127,202,358,,,,,,,,,,,,,,,,,,,,,
BSTKCDABNYUTC,61,197,272,222,141,99,143,87,133,120,80,128,143,,,,,,,,,,,,,,,,
QIHDRZCDABN,89,55,178,73,101,176,76,101,130,89,118,,,,,,,,,,,,,,,,,,
QIANYUTCDABNYUT,98,68,285,153,124,66,215,172,117,117,95,133,96,66,178,,,,,,,,,,,,,,
GNEDABNEYU,283,158,175,104,131,72,156,138,117,105,,,,,,,,,,,,,,,,,,,
MZCDJ,217,332,198,195,312,,,,,,,,,,,,,,,,,,,,,,,,
ADABNDYUTCDABN,310,116,135,67,159,185,105,84,211,212,78,117,33,135,,,,,,,,,,,,,,,
BSTCDABNDEYUTKCD,65,146,269,166,83,130,40,145,150,120,118,76,222,317,115,86,,,,,,,,,,,,,
QIHDAMZCYUTCDABN,67,103,171,103,63,147,186,87,114,70,224,186,132,117,110,124,,,,,,,,,,,,,
BSTDABND,40,229,255,108,147,57,153,178,,,,,,,,,,,,,,,,,,,,,
QIHCDRMZDABNYUTCDABN,110,28,40,87,86,131,114,85,95,125,104,143,106,74,221,145,77,130,98,117,,,,,,,,,
